text|s0|s1|s10|s11|s12|s13|s15|s16|s17|s18|s19|s2|s20|s21|s22|s23|s24|s25|s26|s27|s28|s29|s3|s30|s31|s32|s33|s34|s35|s36|s37|s38|s39|s4|s40|s41|s42|s43|s44|s45|s46|s47|s48|s49|s5|s50|s6|s7|s8|s9
"Kontrollib töö- ja mõõteriistade ning isikukaitsevahendite korrasolekut.1) Valib tööülesandele vastava juhtprogrammi, mõistes juhtprogrammi koostamisel kasutatud masinkoodi struktuuri.
2) Hindab juhtprogrammis kasutatud paigutusest (nesting) lähtuvat detailide ja laserpea kokkupõrke ohtu.
3) Paigaldab materjalilehe seadmesse manuaalselt, abiseadmete või seadmega ühendatud automaatse laadimisseadme abil materjali kahjustamata.
4) Paigaldab juhtprogrammis ettenähtud läätse ja düüsi, kontrollib ja vajadusel korrigeerib laserkiire tsentreeringut, mõistes laseri lõikepea seadistuse mõju lõiketulemustele.
5) Kalibreerib z-telje, käivitades vastava kalibreerimisprogrammi, mõistes jälgimisanduri tööpõhimõtet.1) Valib tööülesandele vastava juhtprogrammi, mõistes juhtprogrammi koostamisel kasutatud masinkoodi struktuuri.
2) Hindab juhtprogrammis kasutatud paigutusest (nesting) lähtuvat detailide ja laserpea kokkupõrke ohtu.
3) Paigaldab materjalilehe seadmesse manuaalselt, abiseadmete või seadmega ühendatud automaatse laadimisseadme abil materjali kahjustamata.
4) Paigaldab juhtprogrammis ettenähtud läätse ja düüsi, kontrollib ja vajadusel korrigeerib laserkiire tsentreeringut, mõistes laseri lõikepea seadistuse mõju lõiketulemustele.
5) Kalibreerib z-telje, käivitades vastava kalibreerimisprogrammi, mõistes jälgimisanduri tööpõhimõtet.
1) Koostab juhtpaneelil tööülesandele vastava juhtprogrammi,  kasutades painutusteooria alusteadmiseid (painutusmeetodid, painutusjärjekord, tööriistade määramise põhimõtted vastavalt materjalidele), peab kinni tööriistade tonnaaži piirangutest. 
2) Tuvastab (teeb kindlaks) korrektse pinnalaotuse mõõtmed, mõistes painde mahaarvamisväärtuste (Bend deduction) mõju detaili mõõtmetele.
3) Paigaldab ja tsentreerib juhtprogrammis määratud painutustööriistad, mõistes painutustööriistade ja nende kinnitussüsteemide ohutu käsitlemise aluseid.
4) Seadistab seadme valguskaitse, mõistes valguskaitse kasutamise olulisust ja toimimise põhimõtet."|0|0|0|0|0|0|0|0|0|0|0|0|0|0|0|0|0|0|0|0|0|0|0|0|0|0|0|0|0|0|0|0|0|0|0|0|0|0|0|0|0|0|0|0|0|0|1|0|0|0
mõõtmine|0|0|0|0|0|0|0|0|0|0|1|0|0|0|0|0|0|0|0|0|0|0|0|0|0|0|0|0|0|0|0|0|0|0|0|0|0|0|0|0|0|0|0|0|0|0|0|0|0|0
"Meeskonnaliikmed arendavad oma teadmisi järgmistes ärivaldkondades:
Turundus- ja müügijuhtimine
Ostu- ja logistika juhtimine
Tootmise- ja kvaliteedijuhtimine
Finantsjuhtimine
Personalijuhtimine"|0|0|0|0|0|0|1|0|0|0|0|0|1|0|0|0|0|0|0|0|0|0|0|0|0|0|0|0|0|0|0|0|0|0|0|0|1|0|0|0|0|0|1|0|0|0|0|0|0|0
Samas ei kao IKT-oskuste kõrval vajadus n-ö traditsiooniliste oskuste järele, nagu jooniste lugemise ja montaažioskus.|0|0|0|0|0|1|0|0|0|0|0|0|0|0|0|0|0|0|0|0|0|0|0|0|0|0|0|0|0|0|0|0|0|0|0|0|0|0|0|0|0|0|0|0|0|0|0|0|0|1
Kasutab oma igapäevatöös arvutit infotöötluse ja kommunikatsiooni osas algtasemel kasutaja tasemel, lisa 1 – Digipädevuste enesehindamise skaala.  |1|0|0|0|0|0|0|0|0|0|0|0|0|0|0|0|0|0|0|0|0|0|0|0|0|0|0|0|0|0|0|0|0|0|0|0|0|0|0|0|0|0|0|0|0|0|0|0|0|0
“Töövõtted ja ohutustehnika olid kõigil võistlejatel selged ja nende eest said kõik maksimumpunktid,” tunnustas Kolk.|0|0|1|0|0|0|0|0|0|0|0|0|0|0|0|0|0|0|0|0|0|0|1|0|0|0|0|0|0|0|0|0|0|0|0|0|0|0|0|0|0|0|0|0|0|0|0|0|0|0
Vajalik on sihipärane IKT oskuste õpetamine ja hindamine alates põhikoolist. |1|0|0|0|0|0|0|0|0|0|0|0|0|0|0|0|0|0|0|0|0|0|0|0|0|0|0|0|0|0|0|0|0|0|0|0|0|0|0|0|0|0|0|0|0|0|0|0|0|0
Üldistest oskustest ja hoiakutest on puudu teadmistest töö efektiivsemaks muutmise võimalustest, materjali efektiivsest kasutamisest, planeerimise oskusest ja ajajuhtimisest, suhtlemisoskusest, meeskonnatöö organiseerimisest ning tööohutusest ja töötervishoidust ning isikukaitsevahendite kasutamisest.|0|0|0|0|0|0|0|0|0|0|0|0|0|0|0|0|0|1|0|0|0|0|1|1|0|0|0|0|0|0|0|0|0|0|0|0|0|0|0|0|0|0|0|0|1|0|0|0|0|0
Töötoas saad teada, kuidas tunda ennast networkingu käigus enesekindlana ning leida sobivaid kontakte.|0|0|0|0|0|0|0|0|0|1|0|0|0|0|0|0|0|0|0|0|0|0|0|0|0|0|0|0|0|0|0|0|0|0|0|0|0|0|0|0|0|0|0|0|0|0|0|0|0|0
hooldus|0|0|0|0|0|0|0|0|0|0|0|0|0|0|0|0|0|0|0|0|0|0|0|0|0|0|0|0|0|0|0|0|0|0|0|0|0|0|0|0|0|0|0|0|0|0|1|0|0|0
Käesolevast aastast saab töötukassalt taotleda koolitustoetust töötajate informatsiooni- ja kommunikatsioonitehnoloogia (IKT) alaste oskuste arendamiseks. |1|0|0|0|0|0|0|0|0|0|0|0|0|0|0|0|0|0|0|0|0|0|0|0|0|0|0|0|0|0|0|0|0|0|0|0|0|0|0|0|0|0|0|0|0|0|0|0|0|0
"Päeva tulemusena arendate:
Meeskonnatööd
Strateegilist mõtlemist
Juhtimisoskust
Otsustusoskus"|0|0|0|0|0|0|0|0|0|0|0|0|0|0|0|0|0|1|0|0|0|0|0|0|0|0|0|0|0|0|0|0|0|1|0|0|0|0|0|0|0|0|0|0|1|0|0|1|0|0
Samuti on puudu ruumilise ja strateegilise planeerimise võimekusest, kontseptuaalsest mõtlemisoskusest ning finantsnäitajate lugemise oskusest.|0|1|0|0|0|0|0|0|0|0|0|0|0|0|0|1|0|0|0|0|0|0|0|0|0|0|0|0|0|0|0|0|0|0|0|0|0|0|0|0|0|0|1|0|0|0|0|1|0|0
Digioskuste puudumine takistab arengut|1|0|0|0|0|0|0|0|0|0|0|0|0|0|0|0|0|0|0|0|0|0|0|0|0|0|0|0|0|0|0|0|0|0|0|0|0|0|0|0|0|0|0|0|0|0|0|0|0|0
ruumikujutlusvõimet|0|0|0|0|0|0|0|0|0|0|0|0|0|0|0|1|0|0|0|0|0|0|0|0|0|0|0|0|0|0|0|0|0|0|0|0|0|0|0|0|0|0|0|0|0|0|0|0|0|0
"1) Peab kinni tähtaegadest ja kokkulepetest.
2) Kasutab aega efektiivselt."|0|0|0|1|0|0|0|0|0|0|0|0|0|0|0|0|0|0|0|0|0|0|0|0|0|0|0|0|0|0|0|0|0|0|0|0|0|0|0|0|0|0|0|0|0|0|0|0|0|0
Tehnoloogi, sh mööblitoodete tehnoloogi kasvava tähtsusega erialasteks oskusteks ja teadmisteks on oma valdkonna toodete tootearenduse tehniliste eripärade tundmine, puitmaterjali eripärade ja materjalitehnoloogia tundmine, tööprotsesside tundmine, jooniste koostamine ja konstrueerimine, jooniste lugemise oskus nii käsitsi kui arvutil  ning joonestamise ja projekteerimistarkvaraga töötamine.|1|1|0|0|0|0|0|0|0|0|0|0|0|0|0|0|0|0|0|0|0|0|0|0|0|0|0|0|0|0|0|0|0|0|0|0|0|0|0|0|0|0|0|0|0|0|0|0|0|1
Kampaania eesmärk on tõsta kodanike teadlikkust tööalaste e-oskuste täiendamise vajadusest. |1|0|0|0|0|0|0|0|0|0|0|0|0|0|0|0|0|0|0|0|0|0|0|0|0|0|0|0|0|0|0|0|0|0|0|0|0|0|0|0|0|0|0|0|0|0|0|0|0|0
Mehhatroonikud täidavad lisaks hoolduse ja remondiga seotud ülesannetele sageli ka seadmete programmeerimise ja seadistamisega seotud ülesandeid ning seetõttu on nende puhul kasvava tähtsusega robotite seadistamise oskus, erinevate programmeerimiskeelte õppimise kogemus ja nt SMED põhioskuste omandamine |1|0|0|0|0|0|0|0|0|0|0|0|0|0|0|0|0|0|0|0|0|0|0|0|0|0|0|0|0|0|0|0|0|0|0|0|0|0|0|0|0|0|0|0|0|0|1|0|0|0
On väga teretulnud, et täiskasvanud saavad tasuta kursustel nii oma praktilisi kui teoreetilisi IT-teadmisi arendada, kasvatades nii oma konkurentsivõimet. |1|0|0|0|0|0|0|0|0|0|0|0|0|0|0|0|0|0|0|0|0|0|0|0|0|0|0|0|0|0|0|0|0|0|0|0|0|0|0|0|0|0|0|0|0|0|0|0|0|0
President Ilves tudengitele: inimeste digitaalne kirjaoskus on möödapääsmatu|1|0|0|0|0|0|0|0|0|0|0|0|0|0|0|0|0|0|0|0|0|0|0|0|0|0|0|0|0|0|0|0|0|0|0|0|0|0|0|0|0|0|0|0|0|0|0|0|0|0
LOOGILIST analüütilist mõtlemist|0|1|0|0|0|0|0|0|0|0|0|0|0|0|0|0|0|0|0|0|0|0|0|0|0|0|0|0|0|0|0|0|0|0|0|0|0|0|0|0|0|0|0|0|0|0|0|0|0|0
Kuna üha suurem osa tootmisest on projektipõhine, kus töötajad kuuluvad sageli erinevatesse projektimeeskondadesse või vahetuvad meeskonnaliikmed tihti, siis on järjest vajalikum suhtlemisoskus, meeskonna juhtimise oskus, strateegiline mõtlemine ja keelteoskus.|1|0|0|0|0|0|0|0|1|0|0|0|0|0|0|0|0|0|0|0|0|0|0|0|0|0|0|0|0|0|0|0|0|0|0|0|0|0|0|0|0|0|0|0|1|0|0|1|1|0
Virtuaalne tööandjate teabepäev koolitustoetuse kohta töötajate IKT alaste oskuste arendamiseks|1|0|0|0|0|0|0|0|0|0|0|0|0|0|0|0|0|0|0|0|0|0|0|0|0|0|0|0|0|0|0|0|0|0|0|0|0|0|0|0|0|0|0|0|0|0|0|0|0|0
Puidupingioperaatori kasvava tähtsusega erialasteks oskusteks ja teadmisteks on puidutöötlemispinkide ja -seadmete ehituse ning tööpõhimõtete tundmine (sh CNC töötlemiskeskused), detailide lõiketöötlemise režiimide ning kasutatavate puit- ja puidupõhiste materjalide ning toodete omaduste ja kvaliteedi tundmine, tööjoonisete lugemise  ja materjalide ökonoomse kasutamise oskus. |0|0|0|0|0|0|0|0|0|0|0|0|0|0|0|0|0|0|0|0|1|0|0|0|0|0|0|0|0|0|0|0|0|0|0|0|0|0|0|0|0|0|0|0|0|0|1|0|0|1
tehniliste jooniste vormistamise|0|0|0|0|0|0|0|0|0|0|0|0|0|0|0|0|0|0|0|0|0|0|0|0|0|0|0|0|0|1|0|0|0|0|0|0|0|0|0|0|0|0|0|0|0|0|0|0|0|0
Lisaks erialasele professionaalsusele toodi kandidaatide juures välja ka rida isikuomadusi, mis on olulised hea tulemuse saavutamiseks - süsteemne tegevus, eesmärgile pühendumine, põhjalikkus, hea suhtlemisoskus, operatiivsus, innovatiivsus, soov end pidevalt erialaselt täiendada”, lausus Ehitusinseneride Liidu tegevdirektor Tiia Ruben.|0|1|0|1|0|0|0|1|0|0|0|0|0|0|0|0|0|0|0|0|0|0|0|0|0|0|0|0|0|0|0|0|0|0|0|0|0|1|0|0|0|0|0|0|0|0|0|0|1|0
Projektipõhise tootmise mahu kasv eeldab ka oskustöötajatelt valmisolekut olla meeskonnajuht ja uute töötajate juhendaja.|0|0|0|0|0|0|0|0|0|0|0|0|0|0|0|0|0|0|0|0|0|1|0|0|0|0|0|0|0|0|0|0|0|0|0|0|0|0|0|0|0|0|0|0|1|0|0|0|0|0
Puudu jääb koormasse laaditud puidu mahu hindamise  ja virnatäiuse koefitsiendi määramise oskusest, puidurikete tundmisest, IKT-lahenduste (nutikad pardaarvutid, e-veoselehed, navigeerimine ehk oskus sõita koordinaatide järgi)  ning efektiivsete ja ergonoomiliste töövõtete rakendamisest.|1|0|1|0|0|0|0|0|0|0|1|0|0|0|0|0|0|0|0|0|0|0|0|0|0|0|0|0|0|0|0|0|0|0|0|0|0|0|0|0|0|0|0|0|0|0|0|0|0|0
Tulemuslik meeskonnajuhtimine kaugtööl|0|0|0|0|0|0|0|0|0|0|0|0|0|0|0|0|0|0|0|0|0|0|0|0|0|0|0|0|0|0|0|0|0|0|0|0|0|0|0|0|0|0|0|0|1|0|0|0|0|0
On leitud, et kõige enam suurendab töötaja karjääri kohanemisvõimet oskus vastavalt vajadusele kasutada erinevaid enda arendamise viise. Näiteks kogenumatelt kolleegidelt tagasisidet küsides, iseseisvalt infot juurde otsides, võimaluste avanedes täiendus- ja ümberõppes osaledes.|0|0|0|0|0|0|0|1|0|0|0|0|0|0|0|0|0|0|0|0|0|0|0|0|0|0|0|0|0|0|0|0|0|0|0|0|0|0|0|0|0|0|0|0|0|0|0|0|0|0
Mida saame ühiselt teha IKT oskuste arendamiseks Eestis?|1|0|0|0|0|0|0|0|0|0|0|0|0|0|0|0|0|0|0|0|0|0|0|0|0|0|0|0|0|0|0|0|0|0|0|0|0|0|0|0|0|0|0|0|0|0|0|0|0|0
Tundsin, et pean muutuma paremaks inimestega suhtlemises, ja saada sellises koguses kogemust ühe suvega tundus hea plaan. |0|0|0|0|0|0|0|0|0|0|0|0|0|0|0|0|0|0|0|0|0|0|0|0|0|0|0|0|0|0|0|0|0|0|0|0|0|0|0|0|0|0|0|0|0|0|0|0|1|0
Ehitame üles koostööd, mitte ei võistle omavahel, sest Euroopas teatakse meie tootjaid Baltikumi nime all,“ rääkis Grikis.|0|0|0|0|0|0|0|0|0|1|0|0|0|0|0|0|0|0|0|0|0|0|0|0|0|0|0|0|0|0|0|0|0|1|0|0|0|0|0|0|0|0|0|0|0|0|0|0|0|0
Puidu- ja mööblitööstuse müügi- ja ostujuhtidel jääb puudu eksportturgude kultuuri tundmisest ja vahetust suhtlemisoskusest välisturgudel. Täiendamist vajavad valdkonnaspetsiifiliste IKT-lahenduste tellimise ja rakendamise oskus ning selge ja korrektne eesti keel.|0|0|0|0|1|0|0|0|0|1|0|0|0|0|0|0|0|0|0|0|0|0|0|0|0|0|0|0|1|0|0|0|0|0|0|0|0|0|0|0|0|0|0|0|0|0|0|0|1|0
ohutusnõuded|0|0|0|0|0|0|0|0|0|0|0|0|0|0|0|0|0|0|0|0|0|0|1|0|0|0|0|0|0|1|0|0|0|0|0|0|0|0|0|0|0|0|0|0|0|0|0|0|0|0
Saab aru ettevõtte rollist tööstuses.|0|1|0|0|0|0|0|0|0|0|0|0|0|0|0|0|0|0|0|0|0|0|0|0|0|0|0|0|0|0|0|0|0|0|0|0|0|0|0|0|0|0|0|0|0|0|0|0|0|0
alusteadmised|0|1|0|0|0|0|0|1|0|0|0|0|0|0|0|0|0|0|0|0|0|0|0|0|0|0|0|0|0|0|0|0|0|0|0|0|0|0|0|0|0|0|0|0|0|0|0|0|0|0
Veebiseminaril räägib Indrek Maripuu, kuidas efektiivselt juhtida sõltumata sellest, kus meeskonnaliikmed tööd teevad.|0|0|0|0|0|0|0|0|0|0|0|0|0|0|0|0|0|0|0|0|0|0|0|0|0|0|0|0|0|0|0|0|0|0|0|0|0|0|0|0|0|0|0|0|1|0|0|0|0|0
Traditsiooniliste keevitusmeetodite (elektroodkeevitus) kõrval, mis annavad keevitajale baasoskused, tuleb enam tähelepanu pöörata uutele keevitusmeetoditele ning töös kasutatavate abivahendite (rakiste) kasutamisele.|0|0|0|0|1|0|0|0|0|0|0|1|0|0|0|0|0|0|0|0|0|0|0|0|0|0|0|0|0|0|0|0|0|0|0|0|0|0|0|0|0|0|0|0|0|0|0|0|0|0
Sealjuures on oluline osata enda õpikogemusi mõtestada, mida väärtuslikku saadi ja kuidas seda rakendada.|0|1|0|0|0|0|0|0|0|0|0|0|0|0|0|0|0|0|0|0|0|0|0|0|0|0|0|0|0|0|0|0|0|0|0|0|0|0|0|0|0|0|0|0|0|0|0|0|0|0
Ettevõtjad otsivad töökogemusega spetsialiste, kes oleks kiiresti muutuvas tehnoloogilises keskkonnas õpi- ja kohanemisvõimelised.|0|0|1|1|0|1|0|1|0|0|0|0|0|0|0|1|1|0|0|0|0|1|0|0|1|0|0|0|0|0|0|0|0|0|0|0|0|0|0|0|0|0|0|0|0|0|0|0|0|1
Muutused inseneridelt eeldatavatelt erialastelt oskustelt on seotud eelkõige nn neljanda tööstusrevolutsiooni (Industry 4.0) arengutega. Peamiste märksõnadena toodi intervjuudes ja grupitöödes välja üha laienevat robotite kasutamist  tootmises ning erialaste IKT-lahenduste tundmist ja rakendamist. Viimase puhul on oluline, et insenerid ei valdaks mitte ainult joonestus- ja seadmete juhtimisprogramme, vaid tunneks ka ettevõtte infohalduse tarkvarasid (nt PLM – Product Lifecycle Management) ja tootmise juhtimise (nt ERM – Enterprise Risk Management) lahendusi.|1|0|0|0|0|0|0|0|0|0|0|1|0|0|0|0|0|0|0|0|0|0|0|0|0|0|0|0|0|0|0|0|0|0|0|0|0|0|0|0|0|0|0|0|0|0|0|0|0|0
Samuti kirjeldatakse, et virtuaalne juht peaks olema hea suhtleja, algatusvõimeline, paindlik ning demonstreerima õppimis- ja muutumisvõimet.|0|0|0|0|0|0|0|1|0|0|0|0|0|0|1|0|1|0|0|0|0|0|0|0|0|0|0|0|0|0|0|0|0|0|0|0|0|0|0|0|0|0|0|0|0|0|0|0|1|0
Nõuded kandidaadile Haridustase põhiharidus Keeleoskus Keel	Kõnes	Kirjas eesti keel - nõutud	B1 - keskmine	A2 – vähene Juhiload B Arvutioskus algtase Muud nõuded - soov ja valmisolek töötada välitingimustes erinevate ilmastikuolude korral (välja arvata laussadu, torm, muud ekstreemsused); - hea tervis ja vastupidavus füüsilisel tööl|1|0|0|0|0|0|0|0|1|0|0|1|0|0|0|0|0|0|0|0|0|0|0|0|0|0|0|0|0|0|0|0|0|0|0|0|0|0|0|0|0|0|0|0|0|0|0|0|0|0
Kuidas püstitada meeskonnaga eesmärke nii, et see toetab nende saavutamist sõltumata asukohast?|0|0|0|0|0|0|0|0|0|0|0|0|0|0|0|0|0|1|0|0|0|0|0|0|0|0|0|0|0|0|0|0|0|0|0|0|0|0|0|0|0|0|0|0|0|0|0|0|0|0
Järjest enam nõutakse tooteid koostavatel töötajatel n-ö tervikpildi nägemise oskust üksikute töövõtete valdamise asemel, suuremat rõhku pannakse tööohutuse alaste nõuete tundmisele ja järgmisele.|0|1|1|0|0|0|0|0|0|0|0|0|0|0|0|0|0|0|0|0|0|0|1|0|0|0|0|0|0|0|0|0|0|0|0|0|0|0|0|0|0|0|0|0|0|0|0|0|0|0
Seoses tootmise automatiseerimisega tekib ka koostelukkseppadel vajadus õppida opereerima tootmisroboteid.|0|0|0|0|0|0|0|0|0|0|0|1|0|0|0|0|0|0|0|0|0|0|0|0|0|0|0|0|0|0|0|0|0|0|0|0|0|0|0|0|0|0|0|0|0|0|0|0|0|0
Võistlusülesandena tuli elektroonikutel etteantud komponentidest kokku monteerida pindmontaaž- ja läbiviiktehnoloogiaid kasutav elektroonikaseadme trükkplaat. |0|0|0|0|0|1|0|0|0|0|0|0|0|0|0|0|0|0|0|0|0|0|0|0|0|0|0|0|0|0|0|0|0|0|0|0|0|0|0|0|0|0|0|0|0|0|0|0|0|0
Ta töötab meeskonna liikmena, jälgib tööprotsessist kinnipidamist, tootlikkust, hoiab toodangu kvaliteeti ning järgib töö- ja keskkonnaohutuse nõudeid.|0|0|0|0|0|0|0|0|0|0|0|0|0|0|0|0|0|0|0|0|0|0|1|0|0|0|0|0|0|0|1|0|0|1|0|0|0|0|0|0|0|0|0|0|0|0|0|0|0|0
TEPP koostööplatvorm ilmestab hästi Eesti kerksust ning oskust vastata kriisidele ja väljakutsetele uuenduslike lahendustega. |0|0|0|0|0|0|0|0|0|0|0|0|0|0|0|0|0|0|0|0|0|0|0|0|0|0|0|0|0|0|0|0|0|0|0|0|0|1|0|0|0|0|0|0|0|0|0|0|0|0
"1) Mõistab ohutusseadmete tööpõhimõtteid.
2) Seadmetel ja/või töövahenditel puuduste esinemisel teavitab viivitamatult vastutavat isikut."|0|0|0|0|0|0|0|0|0|0|0|0|0|0|0|0|0|0|0|0|0|0|0|0|0|0|0|0|0|0|0|0|0|0|0|0|0|0|0|0|0|0|0|1|0|0|0|0|0|0
Karin Künnapas: julgust asju ette võtta ei tasu alahinnata.|0|0|0|0|0|0|0|0|0|0|0|0|0|0|1|0|0|0|0|0|0|0|0|0|0|0|0|0|0|0|0|0|0|0|0|0|0|0|0|0|0|0|0|0|0|0|0|0|0|0
Lisaks erialastele IKT-oskustele ehk erinevate programmide tundmise ja rakendamise oskusele vajavad arendamist seadmete kiirseadistamise oskused (nt SMED oskused), teadmised uutest lõiketehnoloogiatest ja -instrumentidest, tööriistade ja -pinkide tarvikutest.|1|0|0|0|1|0|0|0|0|0|0|0|0|0|0|0|0|0|0|0|0|0|0|0|0|0|0|0|0|0|0|0|0|0|0|0|0|0|0|0|0|0|0|0|0|0|1|0|0|0
Võistlused kestavad mitu päeva ning igal võistlusalal hinnatakse nii tehnilist sooritust, meeskonnatööd kui ka suhtlemist ja oskust töötada projektidega.|0|0|0|0|0|0|0|0|0|0|0|0|0|0|0|0|0|0|0|0|0|0|0|0|0|0|0|0|0|0|0|0|0|1|0|0|0|0|0|0|0|0|0|0|0|0|0|0|1|0
Tegelikult on meie töö ikkagi suures osas seotud läbirääkimiste ja koostööga ning seda me ka õpetame. |0|0|0|0|0|0|0|0|0|0|0|0|0|0|0|0|0|0|1|0|0|0|0|0|0|0|0|0|0|0|0|0|0|1|0|0|0|0|0|0|0|0|0|0|0|0|0|0|0|0
Ettevõtjate hinnangul vajavad ka siin koolilõpetajate puhul arendamist jooniste lugemise, ruumilise mõtlemise ja montaažioskused.|0|0|0|0|0|1|0|0|0|0|0|0|0|0|0|1|0|0|0|0|0|0|0|0|0|0|0|0|0|0|0|0|0|0|0|0|0|0|0|0|0|0|0|0|0|0|0|0|0|1
Kasvava ja olulise trendina rõhutati oskust juhtida ettevõtte tööd läbi ettevõtte väärtuste ja võimet töötajaid motiveerida.|0|0|0|0|0|0|0|0|0|0|0|0|0|0|0|0|0|0|1|0|0|0|0|0|0|0|0|0|0|0|0|0|0|0|0|0|0|0|0|0|0|0|0|0|0|0|0|0|0|0
Puidu- ja mööblitööstuse juhtidel jääb puudu ettevõtlust ja juhtimist puudutavatest oskustest, probleemilahendamise oskusest, finantsnäitajate lugemise oskusest ja ideede genereerimise võimest  koos elluviimise oskusega.|0|0|0|0|0|0|0|0|0|0|0|0|0|1|1|0|0|0|0|0|0|0|0|0|0|0|0|0|0|0|0|0|0|0|0|0|0|0|0|0|0|0|1|0|0|0|0|0|0|0
Kasvavaks oskuseks on ka efektiivsete ja ergonoomiliste töövõtete omamise oskus.|0|0|1|0|0|0|0|0|0|0|0|0|0|0|0|0|0|0|0|0|0|0|0|0|0|0|0|0|0|0|0|0|0|0|0|0|0|0|0|0|0|0|0|0|0|0|0|0|0|0
“Parimates meeskondades kuulavad meeskonna liikmed üksteist ning mõistavad teiste tundeid ja vajadusi.”|0|0|0|0|0|0|0|0|0|0|0|0|0|0|0|0|0|0|0|0|0|0|0|0|0|0|0|0|0|0|0|1|0|1|0|0|0|0|0|0|0|0|0|0|0|0|0|0|0|0
Kõige suurem ja tähtsam osa on koostöö seoses reservväega, sest me tahame ettevõtjatelt erinevates olukordades saada inimressurssi.|0|0|0|0|0|0|0|0|0|0|0|0|0|0|0|0|0|0|0|0|0|0|0|0|0|0|0|0|0|0|0|0|0|0|0|0|0|0|0|0|0|1|0|0|0|0|0|0|0|0
Nende kasvava tähtsusega üldiseks oskuseks on strateegilise planeerimise oskus, kontseptuaalne mõtlemisoskus, suhtlemisoskus ja valdkondlike õigusaktide tundmine ning IKT-lahenduste rakendamine. |1|1|0|0|0|0|0|0|0|0|1|0|0|0|0|0|0|0|0|0|0|0|1|0|0|0|0|0|0|0|0|0|0|0|0|0|0|0|0|0|0|0|0|0|0|0|0|1|1|0
Töötoa turvalises keskkonnas õpid looma tugevaid ja väärtuslikke võrgustikke ning lisaks saad teada, milliseid vigu networkimisel vältida.|0|0|0|0|0|0|0|0|0|1|0|0|0|0|0|0|0|0|0|0|0|0|0|0|0|0|0|0|0|0|0|0|0|0|0|0|0|0|0|0|0|0|0|0|0|0|0|0|0|0
Puitkonstruktsioonide püstitajate kasvava tähtsusega erialasteks oskusteks ja teadmisteks on projektdokumentatsiooni lugemise oskus, elementide õigesse konstruktsiooni lõikamise oskus CNC töötlemiskeskusel ning tööriistade-seadmete kasutamise, hooldamise ja remontimise oskus.|0|0|0|0|0|0|0|0|0|0|0|1|0|0|0|0|0|0|0|0|0|0|0|0|0|0|1|0|0|0|0|0|0|0|0|0|0|0|0|0|0|0|0|0|0|0|1|0|0|0
Turunduskoolituse eesmärk on anda osalejatele edasi praktilisi oskusi ja nippe oma organisatsiooni turundustegevuste elluviimiseks (kas turundustegevusi ise tehes või olles tark tellija).|0|0|0|0|0|0|0|0|0|0|0|0|1|0|0|0|0|0|0|0|0|0|0|0|0|0|0|0|0|0|0|0|0|0|0|0|0|0|0|0|0|0|0|0|0|0|0|0|0|0
See on oskus olla teadlik end mõjutavatest emotsioonidest, võime seda teadmist kasutada arusaadavalt ning mõistlikult nii eneseväljendamisel kui ka suhetes teistega. |0|0|0|0|0|0|0|0|0|1|0|0|0|0|0|0|0|0|0|0|0|0|0|0|0|0|0|0|0|0|0|1|0|0|0|0|0|0|0|0|0|0|0|0|0|0|0|0|1|0
Teeb koostööd kaastöötajatega.  Annab oma panuse ühise tulemuse saavutamiseks. |0|0|0|0|0|0|0|0|0|0|0|0|0|0|0|0|0|0|0|0|0|0|0|0|0|0|0|0|0|0|0|0|0|1|0|0|0|0|0|0|0|0|0|0|0|0|0|0|0|0
tööstusdisaini|0|0|0|0|0|1|0|0|0|0|0|1|0|0|0|0|0|0|0|0|0|0|0|0|0|0|0|0|0|0|0|0|0|0|0|0|0|0|0|0|0|0|0|0|0|0|0|0|0|0
Facebookil on nüüd Eestis oma esindaja, kes kutsus EVEAd Facebookiga koostööd tegema, et aidata väikeettevõtjatel parandada oma digiturunduse ja e-kauplemise oskusi sotsiaalmeedias.|0|0|0|0|0|0|0|0|0|0|0|0|1|0|0|0|0|0|0|0|0|0|0|0|0|0|0|0|0|0|0|0|0|0|0|0|0|0|0|0|0|0|0|0|0|0|0|0|0|0
Veel rõhutab RIA kahte asja. Esiteks soovitatakse ettevõtetel hinnata, milliseid dokumente üldse on vaja üle tembeldada ning kas kinnitada dokumente templiga ühe- või sajakaupa.|0|1|0|0|0|0|0|0|0|0|0|0|0|0|0|0|0|0|0|0|0|0|0|0|0|0|0|0|0|0|0|0|0|0|0|0|0|0|0|0|0|0|0|0|0|0|0|0|0|0
Kasvavateks üldisteks oskusteks on protsesside, ressursside, riskide ja inimeste juhtimise oskus, läbirääkimise oskus, sihikindlus ja eesmärkide seadmine, meeskonnatöö oskus, keelte valdamine ning oskus tellida ja rakendada valdkonnaspetsiifilisi IKT-lahendusi. |0|0|0|0|1|0|1|0|1|0|0|0|0|0|0|0|0|0|0|0|0|0|0|0|0|0|0|0|1|0|0|0|0|1|0|0|0|0|0|1|0|0|0|0|1|0|0|0|0|0
Personali hulgas korraldati küsitlus, millest muu hulgas selgus, et suurenenud oli arusaamine ettevõtte eesmärkidest, stressiga toime tulemise oskus ja soov panustada raskemate probleemide lahendamisse.|0|0|0|1|0|0|0|0|0|0|0|0|0|1|0|0|0|0|0|0|0|0|0|0|0|0|0|0|0|0|0|0|0|0|0|0|0|0|0|0|0|0|0|0|0|0|0|0|0|0
eesti keel|0|0|0|0|0|0|0|0|1|0|0|0|0|0|0|0|0|0|0|0|0|0|0|0|0|0|0|0|0|0|0|0|0|0|0|0|0|0|0|0|0|0|0|0|0|0|0|0|0|0
Uuring kinnitab meie noorte tipptasemel oskusi funktsionaalses lugemisoskuses ja matemaatilises kirjaoskuses. |0|1|0|0|0|0|0|0|0|0|0|0|0|0|0|0|0|0|0|1|0|0|0|0|0|0|0|0|0|0|0|0|0|0|0|0|0|0|0|0|0|0|0|0|0|0|0|0|0|0
Ent tulevikus muutub edukaks saamisel järjest olulisemaks ka kaugemale ja enda kõrvale nägemine, tulevikusignaalide tajumine ja sellega arvestamise oskus,” ütles president Kersti Kaljulaid.|0|0|0|0|1|0|0|0|0|0|0|0|0|0|0|0|0|0|0|0|0|0|0|0|0|0|0|0|0|0|0|0|0|0|0|0|0|0|0|0|0|0|0|0|0|0|0|1|0|0
Kui küsida juhtidelt, kuidas motiveerida töötajaid, siis kõige rohkem vastatakse, et tuleb palka juurde panna. |0|0|0|0|0|0|0|0|0|0|0|0|0|0|0|0|0|0|1|0|0|0|0|0|0|0|0|0|0|0|0|0|0|0|0|0|0|0|0|0|0|0|0|0|0|0|0|0|0|0
Käsitsitöö asendub üha rohkem tööpinkide jälgimise ja haldamisega. See eeldab oskust mõista ja kasutada levinumaid tootmises kasutatavaid pinkide juhtimise tarkvarasid ja võimekust spetsialiseeruda vajadusel ümber ka tootmisrobotite operaatoriks või seadistajaks.|1|0|0|0|0|0|0|0|0|0|0|0|0|0|0|0|0|0|0|0|0|0|0|0|0|0|0|0|0|0|0|0|0|0|0|0|0|0|0|0|0|0|0|0|0|0|0|0|0|0
Nüüd soovitakse selle asemel saada pidevat tagasisidet jutuajamiste, mitte nõrkuste analüüsi teel. |0|0|0|0|0|0|0|0|0|0|0|0|0|0|0|0|0|0|0|0|0|0|0|0|0|0|0|0|0|0|0|0|0|0|1|0|0|0|0|0|0|0|0|0|0|0|0|0|0|0
Oluliseks peeti üleminekut varem tööstuses levinud pigem autoritaarselt juhtimisstiililt nn kaasavale juhtimisstiilile ning uute müügistrateegiate rakendamise oskust.|0|0|0|0|0|0|0|0|0|0|0|0|0|0|0|0|0|0|0|0|0|0|0|0|0|0|0|1|0|0|0|0|0|0|0|0|0|0|0|0|0|0|0|0|1|0|0|0|0|0
ellest saavad aru ka töötajad: et oma professionaalseid oskusi edendada, on 31,8% Läti, 28,4% Leedu ja 25% Eesti elanikest värske uuringu kohaselt valmis oma digioskusi parandama.|1|0|0|0|0|0|0|0|0|0|0|0|0|0|0|0|0|0|0|0|0|0|0|0|0|0|0|0|0|0|0|0|0|0|0|0|0|0|0|0|0|0|0|0|0|0|0|0|0|0
Kui soovid oma avaliku esinemise oskusi parandada ning esinemisärevuse seljatada, on seminar sulle heaks sissejuhatuseks teema ettevõtmisel.|0|0|0|0|0|0|0|0|0|0|0|0|0|0|0|0|0|0|0|0|0|0|0|0|0|0|0|0|0|0|0|0|1|0|0|0|0|0|0|0|0|0|0|0|0|0|0|0|0|0
Olulised on teadmised tugevusarvutustest ja matemaatikast, mehhanismidest, tööstustehnoloogiast, erialastest IKT-lahendustest — raalprojekteerimise ja muu tarkvara, sh majandustarkvara kasutamise oskus, CNC töötlemiskeskustele programmide koostamine ja targa tellija kompetents ehk teadmised selle kohta, milline tarkvara, milliseks lahenduseks ja milliste tingimustega sobib, samuti millised kulutused on efektiivsed ning millist infot süsteemist koguda tasub.|1|0|0|0|0|0|0|0|0|0|0|0|0|0|0|0|0|0|0|1|0|0|0|0|0|1|0|0|0|0|0|0|0|0|0|0|0|0|0|0|0|0|0|0|0|0|0|0|0|1
Puitmaja (sh käsitöö palkmaja) ehitaja või tootja kasvava tähtsusega erialasteks oskusteks ja teadmisteks on mootorsae (kettsaag) kasutamise oskus (käsitsi tootjal), projektdokumentatsiooni lugemise oskus ning tööriistade-seadmete kasutamise, hooldamise ja remontimise oskus. |0|0|0|0|0|0|0|0|0|0|0|1|0|0|0|0|0|0|0|0|0|0|0|0|0|0|1|0|0|0|0|0|0|0|0|0|0|0|0|0|0|0|0|0|0|0|1|0|0|0
computer aided engineering|1|0|0|0|0|0|0|0|0|0|0|0|0|0|0|0|0|0|0|0|0|0|0|0|0|0|0|0|0|0|0|0|0|0|0|0|0|0|0|0|0|0|0|0|0|1|0|0|0|0
Paljud ettevõtted on võtnud aluseks coaching conversations’i põhimõtted, mis keskenduvad eesmärkidele ja töötajate võimestamisele.|0|0|0|1|0|0|0|0|0|0|0|0|0|0|0|0|0|0|0|0|0|0|0|0|0|0|0|0|0|0|0|0|0|0|1|0|0|0|0|0|0|0|0|0|0|0|0|0|0|0
elektronmõõteriistad|0|0|0|0|0|0|0|0|0|0|1|0|0|0|0|0|0|0|0|0|0|0|0|0|0|0|0|0|0|0|0|0|0|0|0|0|0|0|0|0|0|0|0|0|0|0|0|0|0|0
Ameerika on oma müügioskustelt Euroopast väga palju ees. |0|0|0|0|0|0|0|0|0|0|0|0|0|0|0|0|0|0|0|0|0|0|0|0|0|0|0|1|0|0|0|0|0|0|0|0|0|0|0|0|0|0|0|0|0|0|0|0|0|0
"Mõistab töövahendite ja masinate juhistes kasutatavaid tähistusi.
Mõistab seadme juhtpaneeli nuppude, lülitite ja märgutulede funktsioone.1) Teeb seadmetele ja/või töövahenditele kasutamiseelse kontrolli. 
2) Käivitab tööseadmed vastavalt kasutusjuhendis toodud järjekorrale. 
3) Valib tööks sobiva juhtprogrammi.Lülitab välja seadmed ja abiseadmed vastavalt kasutusjuhendis toodud järjekorrale, mõistes lülitusjärjekorra kriitilisust.1) Määrab telgede referentspunktid.
2) Lähtestab teljed (nullistamine).
3) Mõistab jõuallika ja abiseadmete funktsioone ja tööpõhimõtteid.Mõistab seadme arvjuhitavate telgede tähistusi ja nende liikumist.
4) Jälgib seadme tööprotsessi ja vajadusel peatab programmi, et korrigeerida masinas parameetreid ja/või materjali paigutust.1) Vajadusel korrigeerib lõikeparameetreid, mõistes erinevate lõikeparameetrite mõju lõiketulemusele.
2) Vajadusel muudab võimaluste piires kompensatsiooni väärtusi, saades aru kompensatsiooni mõjust detaili mõõtmetele.
3) Peale lõikeprogrammi lõppemist eemaldab detailid ja jäägid töölaualt.Mõõdab mõõtevahendite abil paindenurkade ja paindeservade väärtusi ning vajadusel korrigeerib neid, mõistes materjalide tagasivetrumise olemust ja korrektsioonide mõju painutuspingi telgede liikumisele."|0|0|0|0|0|0|0|0|0|0|0|1|0|0|0|0|0|0|0|0|0|0|0|0|0|0|0|0|0|0|0|0|0|0|0|0|0|0|0|0|0|0|0|0|0|0|0|0|0|0
International Coaching Federation toob välja järgmised erinevused: kui team building tegeleb põhiliselt suhete arendamisega ja treening uute oskuste omandamisega, siis team coaching arendab eesmärkide saavutamise oskusi ja meeskonna jätkusuutlikkust.|0|0|0|1|0|0|0|0|0|0|0|0|0|0|0|0|0|0|0|0|0|0|0|0|0|0|0|0|0|0|0|0|0|0|0|0|0|0|0|0|0|0|0|0|0|0|0|0|0|0
EY Aasta Ettevõtja konkursi patroon president Alar Karis lausus oma videotervituses, et Eesti ettevõtjad on vastupidavad ja sihikindlad, kes oskavad näha ja kasutada uusi võimalusi ka seal, kus teised käega löövad.|0|0|0|0|1|0|0|0|0|0|0|0|0|0|0|0|1|0|0|0|0|0|0|0|0|0|0|0|0|0|0|0|0|0|0|0|0|1|0|0|0|0|0|0|0|0|0|0|0|0
Majandus- ja kommunikatsiooniministeerium (MKM) viib Euroopa Sotsiaalfondi 2014–2020 toel ellu toetusskeemi „Digitaalse kirjaoskuse suurendamine“, mille käigus viiakse tuhandetele tööstussektori töötajale läbi tasuta koolitused digioskuste parandamiseks.|1|0|0|0|0|0|0|0|0|0|0|0|0|0|0|0|0|0|0|0|0|0|0|0|0|0|0|0|0|0|0|0|0|0|0|0|0|0|0|0|0|0|0|0|0|0|0|0|0|0
Kolmandaks oskavad nad kollektiivis toime tulla ja on orienteeritud meeskonnatööle, et täita ühist eesmärki.|0|0|0|1|0|0|0|0|0|0|0|0|0|0|0|0|0|0|0|0|0|0|0|0|0|0|0|0|0|0|0|0|0|1|0|0|0|0|0|0|0|0|0|0|0|0|0|0|0|0
automatiseerimine|0|0|0|0|0|0|0|0|0|0|0|0|0|0|0|0|0|0|0|0|0|0|0|0|0|0|0|0|0|0|0|0|0|0|0|0|0|0|0|0|0|0|0|0|0|1|0|0|0|0
Eraldi rõhutati müügi- ja turundusjuhtide puhul oskust planeerida tehnoloogia arengust lähtuvalt tulevikku, ehk oskust hinnata, mida ettevõte saaks ja võiks müüa nt 5 aasta pärast. |0|0|0|0|0|0|0|0|0|0|0|0|0|0|0|0|0|0|0|0|0|0|0|0|0|0|0|0|0|0|0|0|0|0|0|0|0|0|0|0|0|0|0|0|0|0|0|1|0|0
Järjest enam nõutakse keevitajatelt n-ö tervikpildi nägemise oskust ja oskust teha kõrgema kvaliteediga keevisõmblusi.|0|1|0|0|0|1|0|0|0|0|0|0|0|0|0|0|0|0|0|0|0|0|0|0|0|0|0|0|0|0|0|0|0|0|0|0|0|0|0|0|0|0|0|0|0|0|0|0|0|0
Suurepärane planeerimisoskus ja teiste soovidega arvestamine on teinud temast kõrgelt hinnatud noorte ja haridusasutustega suhtleja.|0|0|0|0|0|0|0|0|0|0|0|0|0|0|0|0|0|0|0|0|0|0|0|0|0|0|0|0|0|0|0|1|0|0|0|0|0|0|0|0|0|0|0|0|0|0|0|1|0|0
Nende kasvava tähtsusega üldisteks oskusteks ja hoiakuteks on analüüsivõime, ruumiline mõtlemine, planeerimise oskus, finantside lugemisoskus ja eelarvestamine , ajajuhtimine, suhtlemisoskus ja töötamine inimestega ning kirjutamine ja raporteerimine.|0|1|0|0|0|0|0|0|0|0|0|0|0|0|0|1|0|0|0|0|0|0|0|0|0|0|0|0|0|0|0|0|0|0|0|0|0|0|0|0|0|0|1|0|1|0|0|0|1|0
Raietöölistel jääb puudu noore metsa kasvamise ja kasvatamise teadmistest, ergonoomiliste töövõtete kasutamisest võsasaega töötamisel ja töö kvaliteedi hindamise oskusest.|0|0|1|0|0|0|0|0|0|0|0|0|0|0|0|0|0|0|0|0|0|0|0|0|0|0|0|0|0|0|1|0|0|0|0|0|0|0|0|0|0|0|0|0|0|0|0|0|0|0
Üks külg on kindlasti hanketegevused. Eesti ettevõtjad tagavad meile suure osa vajalikust materjalist, alates toidust sööklas kuni kasarmute ehituseni. |0|0|0|0|0|0|0|0|0|0|0|0|0|0|0|0|0|0|0|0|0|0|0|0|0|1|0|0|0|0|0|0|0|0|0|0|0|0|0|0|0|0|0|0|0|0|0|0|0|0
Kokkulepped paljude piirkonna ettevõtetega parktikabaasideks olemiseks ja arvukad külalisõpetajad erinevatelt elualadelt kinnitavad õpetaja oskust luua toimivaid koostöösuhteid eelkõige õpilaste arengueesmärke silmas pidades. |0|0|0|0|0|0|0|0|0|1|0|0|0|0|0|0|0|0|0|0|0|0|0|0|0|0|0|0|0|0|0|0|0|0|0|0|0|0|0|0|0|0|0|0|0|0|0|0|0|0
Kommunikatsioonikoolitus on mõeldud neile, kelle tööülesannete hulka kuulub organisatsiooni tegevuste, saavutuste, eesmärkide jne osas info suuremale avalikkusele edastamine.|0|0|0|0|0|0|0|0|0|0|0|0|0|0|0|0|0|0|0|0|0|0|0|0|0|0|0|0|0|0|0|0|0|0|0|0|0|0|1|0|0|0|0|0|0|0|0|0|0|0
meeskonnatöös|0|0|0|0|0|0|0|0|0|0|0|0|0|0|0|0|0|0|0|0|0|0|0|0|0|0|0|0|0|0|0|0|0|1|0|0|0|0|0|0|0|0|0|0|0|0|0|0|0|0
Ühiselt vaadatakse üle, kuidas ja milline eesmärkide puu luua ning kuidas tulemusi hinnata ning tagada edusammudega seotud kommunikatsioon.|0|0|0|0|0|0|0|0|0|0|0|0|0|0|0|0|0|1|0|0|0|0|0|0|0|0|0|0|0|0|1|0|0|0|0|0|0|0|1|0|0|0|0|0|0|0|0|0|0|0
Puitdetailide viimistlejate kasvava tähtsusega erialasteks oskusteks ja teadmisteks on materjalide tundmine  ja säästlikult kasutamine, puidukuivatamine, aspiratsioon, arusaamine detailide ja toodete valmistamise ja viimistlemise tsüklist ning detailidele ja toodetele esitatavatest kvaliteedinõuetest, mõistmine, mida tehti enne, kui detail või toode viimistlusse läheb.|0|1|0|0|0|0|0|0|0|0|0|0|0|0|0|0|0|0|0|0|1|0|1|0|0|0|0|0|0|0|0|0|0|0|0|0|0|0|0|0|0|0|0|0|0|0|0|0|0|0
Samuti rõhutati dokumentide koostamise oskust seoses vajadusega koostada nt tootmisjuhendeid ja kvaliteedistandardite lugemise ja mõistmise oskust.|0|1|0|0|0|0|0|0|0|0|0|0|0|0|0|0|0|0|0|0|0|0|1|0|0|0|0|0|0|0|0|0|0|0|0|0|0|0|0|0|0|0|0|0|0|0|0|0|0|0
iseseisvalt|0|0|0|0|0|0|0|0|0|0|0|0|0|0|0|0|0|0|0|0|0|0|0|0|1|0|0|0|0|0|0|0|0|0|0|0|0|0|0|0|0|0|0|0|0|0|0|0|0|0
Samuti vaatame, milline on hea avalik esinemine ja kuidas oma esinemisoskust parandada.|0|0|0|0|0|0|0|0|0|0|0|0|0|0|0|0|0|0|0|0|0|0|0|0|0|0|0|0|0|0|0|0|1|0|0|0|0|0|0|0|0|0|0|0|0|0|0|0|0|0
Valdkonna ja üldiste majandustrendide tundmisel ja mõistmisel on juhtidel samuti arenguruumi ning lisaks trendide tunnetamisele on tarvis juhtidel ka õppida nendega kohanduma ja ettevõtte tegevust majanduse üldiste suundumustega sobitama.|0|0|0|0|1|0|0|0|0|0|0|0|0|0|0|0|0|0|0|0|0|0|0|0|0|0|0|0|0|0|0|0|0|0|0|0|0|0|0|0|0|0|0|0|0|0|0|0|0|0
Varasemate projektide käigus on saavutatud oskused koostööks ning suudetud kaardistada olulisemad ning tulemuslikumad sihtriigid. |0|0|0|0|0|0|0|0|0|0|0|0|0|0|0|0|0|0|0|0|0|0|0|0|0|0|0|0|0|0|0|0|0|1|0|0|0|0|0|0|0|0|0|0|0|0|0|0|0|0
Puidu- või mööblitööstuse juhtide kasvava tähtsusega erialasteks oskusteks on valdkonnaspetsiifilise ettevõtluse hea tundmine, pikaajaline planeerimine, tööstuse tootmisprotsessi tundmine ja selle töö korraldamine tootmises algusest lõpuni.|0|1|0|0|0|0|1|0|0|0|0|0|0|0|0|0|0|0|0|0|0|0|0|0|0|0|0|0|0|0|0|0|0|0|0|0|0|0|0|0|0|0|0|0|0|0|0|1|0|0
Ekspertide hinnangul ei valda kooli lõpetajad piisaval määral tööstuses kasutatavaid programmeerimiskeeli ja neil puuduvad praktilised oskused, et tulla edukalt toime arvprogrammjuhtimisega seadmetel töötamise ja seadmete seadistamisega.|0|0|0|0|0|0|0|0|0|0|0|1|0|0|0|0|0|0|0|0|0|0|0|0|0|0|0|0|0|0|0|0|0|0|0|0|0|0|0|0|0|0|0|0|0|0|1|0|0|0
cad programm|1|0|0|0|0|0|0|0|0|0|0|0|0|0|0|0|0|0|0|0|0|0|0|0|0|0|0|0|0|1|0|0|0|0|0|0|0|0|0|0|0|0|0|0|0|0|0|0|0|0
Ei tasu unustada, et poeketti saamine on vaid esimene etapp, seejärel tuleb sama intensiivselt panustada sellesse, et toode riiulitel püsiks.|0|0|0|0|0|0|0|0|0|1|0|0|1|0|0|0|0|0|0|0|0|0|0|0|0|0|0|0|0|0|0|0|0|0|0|0|0|0|0|0|0|0|0|0|0|0|0|0|0|0
Harvesterioperaatori kasvava tähtsusega erialasteks oskusteks on võime iseseisvalt valida langetatavad puud, oskus harvesteriga ergonoomiliselt sõita, kalibreerida harvesteri mõõtmissüsteeme, tunda puidurikkeid, ohjata tarka masinat, teha masina igapäevast hooldust, kasutada võsagiljotiini (bioenergeetika seade) ning sooritada töövõtteid ohutult ja turvaliselt.|0|0|0|0|0|0|0|0|0|0|0|1|0|0|0|0|0|0|0|0|0|0|1|0|1|0|0|0|0|0|0|0|0|0|0|0|0|0|0|0|0|0|0|0|0|0|1|0|0|0
Meeskondade juhtimine nõuab sootuks teistmoodi oskusi kui produktiivsuse kasvatamine ja tootmisliini timmimine. |0|0|0|0|0|0|0|0|0|0|0|0|0|0|0|0|0|0|0|0|0|0|0|0|0|0|0|0|0|0|0|0|0|0|0|0|0|0|0|0|0|0|0|0|1|0|0|0|0|0
Puitplaatide tootmise, vineeri töötlemisega ja saematerjalide tootmisega seotud liinioperaatoritel jääb puudu teadmistest tootmisprotsessidest ja nende juhtimise, materjalide  ja toodete tundmisest, selle kohta, milline puit sobib milliseks tooteks ja kuidas seda kõige efektiivsemalt saada.|0|1|0|0|0|0|1|0|0|0|0|0|0|0|0|0|0|0|0|0|1|0|0|0|0|1|0|0|0|0|0|0|0|0|0|0|0|0|0|0|0|0|0|0|0|0|0|0|0|0
Võib oletada, et peamiseks põhjuseks on väikeettevõtjate (eriti mikroettevõtjate) väiksem haldussuutlikus ning vajalike kompetentside puudumine (muuhulgas puudub paljudel mikroettevõtjatel piisav arvutikasutamise oskus ja/või piisavad vahendid ettevõttevälise teenuse sisseostmiseks).|1|0|0|0|0|0|0|0|0|0|0|0|0|0|0|0|0|0|0|0|0|0|0|0|0|0|0|0|0|0|0|0|0|0|0|0|0|0|0|0|0|0|0|0|0|0|0|0|0|0
Lisaks headele metsamajanduslikele teadmistele on olulised teadmised puidu omadustest, toodetest ning nende turustamisest, aga ka logistika põhimõtete tundmine ja ladude  ning teede planeerimise oskus.|0|0|0|1|0|0|0|0|0|0|0|0|1|0|0|0|0|0|0|0|0|0|0|0|0|0|0|0|0|0|0|0|0|0|0|0|0|0|0|0|0|1|0|0|0|0|0|1|0|0
Kampaania põhirõhk on teadlikkuse tõstmisel haridusest, väljaõppest, töökohtadest ning teistest võimalustest, mis on kättesaadavad e-oskustega inimestele – inimestele, kes teavad, kuidas digitaaltehnoloogiat tõhusalt kasutada.|1|0|0|0|0|0|0|0|0|0|0|0|0|0|0|0|0|0|0|0|0|0|0|0|0|0|0|0|0|0|0|0|0|0|0|0|0|0|0|0|0|0|0|0|0|0|0|0|0|0
Kasvava tähtsusega on (tööstus)robotite hoolduse ja seadistamise oskused.|0|0|0|0|0|0|0|0|0|0|0|0|0|0|0|0|0|0|0|0|0|0|0|0|0|0|0|0|0|0|0|0|0|0|0|0|0|0|0|0|0|0|0|0|0|0|1|0|0|0
Vahemere Liidu konverentsil fookuses digipööre ja tuleviku digioskuste edendamine|1|0|0|0|0|0|0|0|0|0|0|0|0|0|0|0|0|0|0|0|0|0|0|0|0|0|0|0|0|0|0|0|0|0|0|0|0|0|0|0|0|0|0|0|0|0|0|0|0|0
Kõik töökollektiivid, kuhu asub tööle Ukraina sõjapõgenikke, võiksid neid toetada eesti keele õppimisel.|0|0|0|0|0|0|0|0|1|0|0|0|0|0|0|0|0|0|0|0|0|0|0|0|0|0|0|0|0|0|0|0|0|0|0|0|0|0|0|0|0|0|0|0|0|0|0|0|0|0
Mehaanikute ja lukkseppade töö muutub seoses tehnoloogia arenguga mehhatroonikute tööle üha sarnasemaks ning sellest tingituna on kasvava vajadusega erialased IKT oskused.|1|0|0|0|0|0|0|0|0|0|0|0|0|0|0|0|0|0|0|0|0|0|0|0|0|0|0|0|0|0|0|0|0|0|0|0|0|0|0|0|0|0|0|0|0|0|0|0|0|0
Üldistest oskustest on kasvava olulisusega suhtlemisoskus, sh oskus ja julgus küsida vajadusel juhendamist (täiendavaid selgitusi) ja juhendada uusi töötajaid.|0|0|0|0|0|0|0|0|0|0|0|0|0|0|0|0|0|0|0|0|0|1|0|0|0|0|0|0|0|0|0|0|0|1|0|0|0|0|0|0|0|0|0|0|0|0|0|0|1|0
Meie noored oskavad üksteisega paremini arvestada ja stressirohketes olukordades toime tulla nii, et meeskond jätkab efektiivset tegutsemist.|0|0|0|0|0|0|0|0|0|0|0|0|0|0|0|0|0|0|0|0|0|0|0|0|0|0|0|0|0|0|0|1|0|1|0|0|0|0|0|0|0|0|0|0|0|0|0|0|0|0
Tasub tuua esile oma toote eelised ja faktorid, miks see eristub turul olevatest toodetest.|0|0|0|0|0|0|0|0|0|0|0|0|1|0|0|0|0|0|0|0|0|0|0|0|0|0|0|0|0|0|0|0|0|0|0|0|0|0|0|0|0|0|0|0|0|0|0|0|0|0
Viimistlustehnoloogiad on pidevas arenduses ja viimistlejate puhul on oluline erinevate pinnakatete ja tehnoloogiate tundmine.|0|0|0|0|1|0|0|0|0|0|0|0|0|0|0|0|0|0|0|0|0|0|0|0|0|0|0|0|0|0|0|0|0|0|0|0|0|0|0|0|0|0|0|0|0|0|0|0|0|0
Müügi- ja ostujuhtidel on eriti tähtsal kohal üldised oskused ja teadmised. Kasvava tähtsusega üldisteks oskusteks on võõrkeelte valdamine, riskide juhtimine, logistika põhimõtete tundmine ja strateegiline ladude planeerimise oskus, meeskonnatöö oskus ning järjest kasvav valdkonnaspetsiifiliste IKT-lahenduste tellimise  ja rakendamise oskus.|0|0|0|0|1|0|0|0|1|0|0|0|0|0|0|0|0|0|0|0|0|0|0|0|0|0|0|0|1|0|0|0|0|0|0|0|0|0|0|1|0|0|0|0|0|0|0|0|1|0
Kasvava tähtsusega üldisteks oskusteks on protsesside, ressursside ja riskide juhtimise oskus, võõrkeelte (eelkõige inglise, saksa, vene keele) valdamine.|0|0|0|0|0|0|1|0|1|0|0|0|0|0|0|0|0|1|0|0|0|0|0|1|0|0|0|0|0|0|0|0|0|0|0|0|0|0|0|1|0|0|0|0|0|0|0|0|0|0
Meil on hea meel teada anda, et EAS pakub koos Majandus- ja Kommunikatsiooniministeerumiga sellel kevadel teile personaalseid koolitusi oma organisatsiooni turundusvõimekuste ja kommunikatsioonioskuste arendamiseks.  |0|0|0|0|0|0|0|0|0|0|0|0|1|0|0|0|0|0|0|0|0|0|0|0|0|0|0|0|0|0|0|0|0|0|0|0|0|0|1|0|0|0|0|0|0|0|0|0|0|0
Valdkonna ettevõtetes toimub üleminek konventsionaalsetelt metallitöö pinkidelt arvjuhtimisega tööpinkidele, mistõttu vajab valdkond üha enam APJ-pinkide seadistamist ja opereerimist  valdavaid oskustöölisi.|0|0|0|0|0|0|0|0|0|0|0|1|0|0|0|0|0|0|0|0|0|0|0|0|0|0|0|0|0|0|0|0|0|0|0|0|0|0|0|0|0|0|0|0|0|0|1|0|0|0
Tule arenda ennast ning koos sellega oma ettevõtlust - välisturgudele minekul tuleb networkingu oskus ainult kasuks.|0|0|0|0|0|0|0|0|0|1|0|0|0|0|0|0|0|0|0|0|0|0|0|0|0|0|0|0|0|0|0|0|0|0|0|0|0|0|0|0|0|0|0|0|0|0|0|0|0|0
mõõteriistad|0|0|0|0|0|0|0|0|0|0|1|0|0|0|0|0|0|0|0|0|0|0|0|0|0|0|0|0|0|0|0|0|0|0|0|0|0|0|0|0|0|0|0|0|0|0|0|0|0|0
Üldistest oskustest ja hoiakutest on kasva tähtsusega IKT-lahenduste kasutamine ja rutiinitaluvus.|1|0|0|1|0|0|0|0|0|0|0|0|0|0|0|0|0|0|0|0|0|0|0|0|0|0|0|0|0|0|0|0|0|0|0|0|0|0|0|0|0|0|0|0|0|0|0|0|0|0
Üldistest teadmistest, oskustest ja hoiakutest on jätkuvalt olulised teadmised matemaatikast ning kohuse- ja vastutustunne.|0|0|0|0|0|0|0|0|0|0|0|0|0|0|0|0|0|0|0|1|0|0|0|0|0|0|0|0|0|0|0|0|0|0|0|1|0|0|0|0|0|0|0|0|0|0|0|0|0|0
Nõudlus digiteenuste ja -oskuste järele on kiiresti kasvanud kõikjal Euroopa Liidus, nii ka Balti riikides, kus nii palgad kui tööjõuvajadus kasvavad kõige kiiremini just IT-sektoris.|1|0|0|0|0|0|0|0|0|0|0|0|0|0|0|0|0|0|0|0|0|0|0|0|0|0|0|0|0|0|0|0|0|0|0|0|0|0|0|0|0|0|0|0|0|0|0|0|0|0
Tisleritööd iseloomustab pigem iseseisev tegutsemine, mis nõuab oskust oma tegevust kavandada ja suurt enesedistsipliini.|0|0|0|1|0|0|0|0|0|0|0|0|0|0|0|0|0|0|0|0|0|0|0|0|1|0|0|0|0|0|0|0|0|0|0|0|0|0|0|0|0|0|0|0|0|0|0|0|0|0
TASUTA koolitusprogramm digioskuste arendamiseks|1|0|0|0|0|0|0|0|0|0|0|0|0|0|0|0|0|0|0|0|0|0|0|0|0|0|0|0|0|0|0|0|0|0|0|0|0|0|0|0|0|0|0|0|0|0|0|0|0|0
Kasvav vajadus on keevitusrobotite operaatorite oskuste järele.|0|0|0|0|0|0|0|0|0|0|0|1|0|0|0|0|0|0|0|0|0|0|0|0|0|0|0|0|0|0|0|0|0|0|0|0|0|0|0|0|0|0|0|0|0|0|0|0|0|0
Mitmekülgne ja ennastjuhtiv töötaja on väärtus igale organisatsioonile ning arengu toetamine oluline osa töötaja karjääriteekonna kujundamisest.|0|0|0|1|0|0|0|0|0|0|0|0|0|0|1|0|0|0|0|0|0|0|0|0|1|0|0|0|0|0|0|0|0|0|0|1|0|0|0|0|0|0|0|0|0|0|0|0|0|0
alamsüsteemide käitlemine|0|0|0|0|0|0|0|0|0|0|0|1|0|0|0|0|0|0|0|0|0|0|0|0|0|0|0|0|0|0|0|0|0|0|0|0|0|0|0|0|0|0|0|0|0|0|0|0|0|0
Üldistest oskustest jääb puudu analüütilise mõtlemise võimest, algteadmistest ruumilise planeerimise kohta ja kontseptuaalsest mõtlemisoskusest.|0|1|0|0|0|0|0|0|0|0|0|0|0|0|0|1|0|0|0|0|0|0|0|0|0|0|0|0|0|0|0|0|0|0|0|0|0|0|0|0|0|0|0|0|0|0|0|0|0|0
Kasvav vajadus on keevitajate järele, kes oskavad opereerida keevitusroboteid.|0|0|0|0|0|0|0|0|0|0|0|1|0|0|0|0|0|0|0|0|0|0|0|0|0|0|0|0|0|0|0|0|0|0|0|0|0|0|0|0|0|0|0|0|0|0|0|0|0|0
Ära jäta kasutamata võimalust omandada oskused, kuidas arendada oma äri veebis!|0|0|0|0|0|0|0|0|0|0|0|0|1|0|0|0|0|0|0|0|0|0|0|0|0|0|0|0|0|0|0|0|0|0|0|0|0|0|0|0|0|0|0|0|0|0|0|0|0|0
 Kasutab ettevõtte infohalduse tarkvara.|1|0|0|0|0|0|0|0|0|0|0|0|0|0|0|0|0|0|0|0|0|0|0|0|0|0|0|0|0|0|0|0|0|0|0|0|0|0|0|0|0|0|0|0|0|0|0|0|0|0
Pehme mööbli valmistajatel on puudu tööstuses uue pehme mööbli või selle osade koostamisega seotud käelistest oskustest   ja oma osa mõistmisest tootmise tervikprotsessis.|0|1|0|0|0|0|0|0|0|0|0|0|0|0|0|0|0|0|0|0|0|0|0|0|0|0|0|0|0|0|0|0|0|0|0|0|0|0|0|0|1|0|0|0|0|0|0|0|0|0
Skype Eesti endise juhi sõnul tuleks ka juba keskealistele töötajatele anda IKT oskused. |1|0|0|0|0|0|0|0|0|0|0|0|0|0|0|0|0|0|0|0|0|0|0|0|0|0|0|0|0|0|0|0|0|0|0|0|0|0|0|0|0|0|0|0|0|0|0|0|0|0
Marje Vaan on Pärnu Vanalinna Põhikooli huvijuht, kes innovaatilise ja ettevõtliku õpetajana on   ettevõtlusõppe oskuslikult lõiminud erinevate õppeainetega. Marje on loonud koolis süsteemi õpilaste ettevõtlikkuse arendamiseks ja ettevõtlusõppe juurutamiseks. Ta teeb koostööd erinevate partneritega väljapool kooli ning nõustab ja toetab kolleege ettevõtlusõppe lõimimisel ainetundidesse.|0|0|0|0|0|0|0|0|0|0|0|0|0|0|0|0|0|0|0|0|0|1|0|0|0|0|0|0|0|0|0|0|0|0|0|0|0|0|0|0|0|0|0|0|0|0|0|0|0|0
Inseneride puhul toodi kasvava tähtsusega üldiste oskustena välja meeskonnatöö, võõrkeelte ja suhtlemisoskust, mis on seotud projektipõhise tootmise kasvu ja rahvusvahelise koostööga.|0|0|0|0|0|0|0|0|1|0|0|0|0|0|0|0|0|0|0|0|0|0|0|0|0|0|0|0|0|0|0|0|0|1|0|0|0|0|0|0|0|0|0|0|0|0|0|0|1|0
Kutsekojal valmis uuring, mis annab ülevaate, milliste digioskuste järele erinevates majandusvaldkondades vajadus kasvab ja milliseid IKT oskusi tasub töötajatele õpetada. |1|0|0|0|0|0|0|0|0|0|0|0|0|0|0|0|0|0|0|0|0|0|0|0|0|0|0|0|0|0|0|0|0|0|0|0|0|0|0|0|0|0|0|0|0|0|0|0|0|0
Samas kasvab vajadus osata forvarderi rikkeid tuvastada.|0|0|0|0|0|0|0|0|0|0|0|0|0|0|0|0|0|0|0|0|0|0|0|0|0|0|0|0|0|0|0|0|0|0|0|0|0|0|0|0|0|0|0|1|0|0|0|0|0|0
Konverentsile kogunes 50 osalejat Euroopa ja Vahemere piirkonnast, kelle hulgas oli valitsusametnikke, erasektori esindajaid, ettevõtjaid, teadlasi ja teiste sidusrühmade esindajaid, et arutada mitmeid teemasid, nagu e-valitsemine, e-teenused, digimajandus ja digioskused.|1|0|0|0|0|0|0|0|0|0|0|0|0|0|0|0|0|0|0|0|0|0|0|0|0|0|0|0|0|0|0|0|0|0|0|0|0|0|0|0|0|0|0|0|0|0|0|0|0|0
Lähiaastatel hakkavad tööandjad üleüldise digipöörde tulemusena digioskustele veelgi enam tähelepanu pöörama.|1|0|0|0|0|0|0|0|0|0|0|0|0|0|0|0|0|0|0|0|0|0|0|0|0|0|0|0|0|0|0|0|0|0|0|0|0|0|0|0|0|0|0|0|0|0|0|0|0|0
Äri tehakse inimeste vahel. Naiste tugevuseks on sotsiaalsed oskused, mis tulevad ärimaailmas alati kasuks.|0|0|0|0|0|0|0|0|0|0|0|0|0|0|0|0|0|0|0|0|0|0|0|0|0|0|0|0|0|0|0|0|0|1|0|0|0|0|0|0|0|0|0|0|0|0|0|0|1|0
Tislerite kasvava tähtsusega erialasteks oskusteks ja teadmisteks on jooniste ja tehnoloogiakaardi lugemise ning koostamise oskus, detailidele ja toodetele esitatavate kvaliteedinõuete tundmine ning materjalide tundmine.|0|0|0|0|0|0|0|0|0|0|0|0|0|0|0|0|0|0|0|0|1|0|1|0|0|0|0|0|0|0|0|0|0|0|0|0|0|0|0|0|0|0|0|0|0|0|0|0|0|1
Levinud on müüt, et IT-sektoris töötamiseks on vaja väga head matemaatikaoskust. |0|0|0|0|0|0|0|0|0|0|0|0|0|0|0|0|0|0|0|1|0|0|0|0|0|0|0|0|0|0|0|0|0|0|0|0|0|0|0|0|0|0|0|0|0|0|0|0|0|0
Marje on innustanud õpilasi läbi viima erinevaid koostööprojekte.|0|0|0|0|0|0|0|0|0|0|0|0|0|0|0|0|0|0|1|0|0|0|0|0|0|0|0|0|0|0|0|0|0|0|0|0|0|0|0|0|0|0|0|0|0|0|0|0|0|0
juhendamine|0|0|0|0|0|0|0|0|0|0|0|0|0|0|0|0|0|0|0|0|0|0|0|0|0|0|0|0|0|0|0|0|0|0|0|0|0|0|0|0|0|0|0|0|0|0|1|0|0|0
Kasutab võimalusi enesetäiendamiseks.|0|0|0|0|0|0|0|1|0|0|0|0|0|0|0|0|0|0|0|0|0|0|0|0|0|0|0|0|0|0|0|0|0|0|0|0|0|0|0|0|0|0|0|0|0|0|0|0|0|0
Üheks peamiseks arendamist vajavaks oskuseks on efektiivsete ja ergonoomiliste töövõtete rakendamine.|0|0|1|0|0|0|0|0|0|0|0|0|0|0|0|0|0|0|0|0|0|0|0|0|0|0|0|0|0|0|0|0|0|0|0|0|0|0|0|0|0|0|0|0|0|0|0|0|0|0
Üks sektor, kus digitaalne kirjaoskus võiks suurimat mõju avaldada, on just  töötlev tööstus. |1|0|0|0|0|0|0|0|0|0|0|0|0|0|0|0|0|0|0|0|0|0|0|0|0|0|0|0|0|0|0|0|0|0|0|0|0|0|0|0|0|0|0|0|0|0|0|0|0|0
Tehnikaalaste teadmiste osas on kasvava tähtsusega uute tehnoloogiate ja materjalide tundmine, läbivalt rõhutati kõikide juhtide puhul aina olulisemaks erialaste IKT-lahenduste tundmist. Viimast peeti eriti tähtsaks otseselt tootmise juhtimisega seotud ametikohtadel.|0|0|0|0|1|0|0|0|0|0|0|0|0|0|0|0|0|0|0|0|0|0|0|0|0|0|0|0|1|0|0|0|0|0|0|0|0|0|0|0|0|0|0|0|0|0|0|1|0|0
Meistritelt ja töödejuhatajatelt oodatakse erialaste IKT-lahenduste tundmist ja rakendamist ning esmatasandi juhtidena ka oskust personali planeerida ja mõista tootmiskulusid ja nende juhtimist.|1|1|0|0|0|0|0|0|0|0|0|0|0|0|0|0|0|0|0|0|0|0|0|1|0|0|0|0|0|0|0|0|0|0|0|0|1|0|0|0|0|0|0|0|0|0|0|0|0|0
Forvarderioperaatoritel jääb puudu elektriskeemi lugemise oskustest juhtmekatkestuste välja selgitamiseks, sortimentide ja puidurikete tundmisest, koormasse laaditud puidu mahu hindamise ja virnatäiuse koefitsiendi määramise oskusest ning väiksemate remonttööde tegemiseks masina mehhaanika tundmisest, aga ka efektiivsete ja ergonoomiliste töövõtete ning IKT-lahenduste rakendamisest (vanema põlvkonna töötajatel).|1|0|1|0|0|0|0|0|0|0|1|0|0|0|0|0|0|0|0|0|0|0|0|0|0|0|0|0|0|0|0|0|0|0|0|0|0|0|0|0|0|0|0|0|0|0|0|0|0|1
Paananen: ka keskealistele töötajatele tuleks anda IKT oskused|1|0|0|0|0|0|0|0|0|0|0|0|0|0|0|0|0|0|0|0|0|0|0|0|0|0|0|0|0|0|0|0|0|0|0|0|0|0|0|0|0|0|0|0|0|0|0|0|0|0
„Faktiteadmiste kõrval on üha olulisem õppimise vorm ning oskus erinevates olukordades hakkama saada,“ ütles Laidmets.|0|0|0|0|0|0|0|0|0|0|0|0|0|0|0|0|1|0|0|0|0|0|0|0|0|0|0|0|0|0|0|0|0|0|0|0|0|0|0|0|0|0|0|0|0|0|0|0|0|0
Suhtles aktiivselt, leidis õige Prantsuse esindaja, panustas ja panustab endiselt sotsiaalmeediasse, toodete degustatsioonidesse, erinevatesse võimalustesse tooteid esile tõsta.|0|0|0|0|0|0|0|0|0|1|0|0|1|0|0|0|0|0|0|0|0|0|0|0|0|0|0|0|0|0|0|0|0|0|0|0|0|0|1|0|0|0|0|0|0|0|0|0|1|0
Suureneb nutiseadmete ja IKT-lahenduste kasutamine.|1|0|0|0|0|0|0|0|0|0|0|0|0|0|0|0|0|0|0|0|0|0|0|0|0|0|0|0|0|0|0|0|0|0|0|0|0|0|0|0|0|0|0|0|0|0|0|0|0|0
kavandab karjääri|0|0|0|1|0|0|0|0|0|0|0|0|0|0|0|0|0|0|0|0|0|0|0|0|0|0|0|0|0|0|0|0|0|0|0|0|0|0|0|0|0|0|0|0|0|0|0|0|0|0
Müügitöö on ühelt poolt töökus ja teiselt poolt oskus. |0|0|0|0|0|0|0|0|0|0|0|0|0|0|0|0|0|0|0|0|0|0|0|0|0|0|0|1|0|0|0|0|0|0|0|0|0|0|0|0|0|0|0|0|0|0|0|0|0|0
Tisleritel on puudu jooniste ja tehnoloogiakaardi lugemise ning koostamise oskusest ja teadmistest detailidele ja toodetele esitatavatest kvaliteedinõuetest.|0|0|0|0|0|0|0|0|0|0|0|0|0|0|0|0|0|0|0|0|0|0|1|0|0|0|0|0|0|0|0|0|0|0|0|0|0|0|0|0|0|0|0|0|0|0|0|0|0|1
Vähesed on oskused puiduvarumise korraldamise ja puidu mahu mõõtmise osas.|0|0|0|0|0|0|1|0|0|0|0|0|0|0|0|0|0|0|0|0|0|0|0|1|0|0|0|0|0|0|0|0|0|0|0|0|0|0|0|0|0|0|0|0|0|0|0|0|0|0
Modernworkplacelearning.com-i küsitluse järgi on töötajate kõige eelistatumad viisid õppida igapäevase töö käigus, kolleegidega kogemuste jagamine (peer learning), ise veebist teadmisi kogudes, aga ka juhi tagasiside ja juhendamine.|0|0|0|0|0|0|0|0|0|0|0|0|0|0|0|0|0|0|0|0|0|1|0|0|0|0|0|0|0|0|0|0|0|0|0|0|0|0|0|0|0|0|0|0|0|0|0|0|0|0
Raietöölise kasvava tähtsusega erialasteks oskusteks on võsa- ja kettsae kasutamine ning hooldamine, tööohutus ja -turvalisus, sh töö- ja turvavahendite kasutamine ning ergonoomiliste töövõtete kasutamine.|0|0|1|0|0|0|0|0|0|0|0|1|0|0|0|0|0|0|0|0|0|0|1|0|0|0|0|0|0|0|0|0|0|0|0|0|0|0|0|0|0|0|0|0|0|0|1|0|0|0
Metsaveo ja puiduhakkuri veokijuhtidel on probleemiks kitsal metsateel tagurdamine ja väiksemate remonttööde tegemine.|0|0|0|0|0|0|0|0|0|0|0|1|0|0|0|0|0|0|0|0|0|0|0|0|0|0|1|0|0|0|0|0|0|0|0|0|0|0|0|0|0|0|0|0|0|0|0|0|0|0
Kõige suurem proovikivi on järelkasvu tagamine nii, et inimesed, kes jätkavad organisatsioonis pärast sind, on tunduvalt paremad või vähemalt sama head, et tagada organisatsiooni areng ja püsimajäämine. Sellega on seotud ka oma meeskonna eest hoolitsemine.|0|0|0|0|0|0|0|0|0|0|0|0|0|0|0|0|0|0|0|0|0|0|0|0|0|0|0|0|0|0|0|0|0|0|0|0|0|0|0|0|0|0|0|0|1|0|0|0|0|0
Hetkel puuduolevate ja arendamist vajavate oskustena toodi inseneride puhul esile oskust hinnata oma tööd ettevõtja ja juhi perspektiivist, mõista tootmisprotsesse, oskust nendega oma töös arvestada ja strateegiliselt mõelda.|0|1|0|0|0|0|0|0|0|0|0|0|0|0|0|0|0|0|0|0|0|0|0|0|0|0|0|0|0|0|0|1|0|0|0|0|0|0|0|0|0|0|0|0|0|0|0|1|0|0
digitaalmõõteriistad|0|0|0|0|0|0|0|0|0|0|1|0|0|0|0|0|0|0|0|0|0|0|0|0|0|0|0|0|0|0|0|0|0|0|0|0|0|0|0|0|0|0|0|0|0|0|0|0|0|0
tööjuhiseid|0|0|0|0|0|0|0|0|0|0|0|0|0|0|0|0|0|0|0|0|0|0|1|0|0|0|0|0|0|0|0|0|0|0|0|0|0|0|0|0|0|0|0|0|0|0|0|0|0|0
Nende kasvava tähtsusega üldisteks oskusteks, teadmisteks ja hoiakuteks on meeskonnatöö oskus.|0|0|0|0|0|0|0|0|0|0|0|0|0|0|0|0|0|0|0|0|0|0|0|0|0|0|0|0|0|0|0|0|0|1|0|0|0|0|0|0|0|0|0|0|0|0|0|0|0|0
Puudu jääb jooniste koostamise ja konstrueerimise  ning joonestamise ja projekteerimistarkvaraga töötamise oskusest.|1|0|0|0|0|0|0|0|0|0|0|0|0|0|0|0|0|0|0|0|0|0|0|0|0|0|0|0|0|0|0|0|0|0|0|0|0|0|0|0|0|0|0|0|0|0|0|0|0|1
Tema tugevusteks on koostööle orienteeritus, uuendusmeelsus ning oskus lahendada probleeme kõigile osapooltele sobivalt.|0|0|0|0|1|0|0|0|0|0|0|0|0|1|0|0|0|0|0|0|0|0|0|0|0|0|0|0|0|0|0|0|0|1|0|0|0|0|0|0|0|0|0|0|0|0|0|0|0|0
Hooldustehnikute ja mehhatroonikute arendamist vajavad oskused on seotud erialase IKT ja tehnoloogia arenguga.|1|0|0|0|0|0|0|0|0|0|0|0|0|0|0|0|0|0|0|0|0|0|0|0|0|0|0|0|0|0|0|0|0|0|0|0|0|0|0|0|0|0|0|0|0|0|0|0|0|0
See on väga hea ja positiivne alus, kust kõrgemaid probleemilahenduse ja tehnoloogia kasutuse oskusi edasi arendada. |0|0|0|0|0|0|0|0|0|0|0|1|0|1|0|0|0|0|0|0|0|0|0|0|0|0|0|0|0|0|0|0|0|0|0|0|0|0|0|0|0|0|0|0|0|0|0|0|0|0
Aga ka käsu koostamise ja andmise oskus on tsiviilelus kasulik, sest tegu on konkreetse juhisega ülesande lahendamiseks ning selle andmisega kaasneb ka enesekindlus ja usk sellesse, et ülesanne saab lahendatud.|0|1|0|0|0|0|0|0|0|0|0|0|0|0|0|0|0|0|0|0|0|0|0|0|0|0|0|0|0|0|0|0|1|0|0|0|0|0|0|0|0|0|0|0|0|0|0|0|0|0
Sellesse gruppi kuuluvad valdkondlikes ettevõtetes töötavad müügi-, turundus-, kvaliteedi-, toote-, tarneala-, tootmis-, tsehhi- ja tehnikajuhid. Juhiks saamise eelduseks on ekspertide hinnangul ennekõike sobivad isikuomadused, piisav töökogemus ja erialane (soovitatavalt tehnikaalane) haridus. Juhtival positsioonil edukaks toimetulekuks on lisaks erialasele kompetentsile tarvis ka soovi ja oskust inimesi juhtida. MMT juhtide olulisteks oskusteks ja teadmisteks on laiapõhjalised tehnikaalased teadmised, analüüsioskus, strateegilise planeerimise oskus , protsesside juhtimise oskus, koostöövõime (sh oskus mõista klientide ja koostööpartnerite vajadusi), argumenteerimisoskus, keelteoskus ja kontseptuaalne mõtlemisoskus. |0|1|0|0|0|0|1|0|1|1|0|0|0|0|0|0|0|0|0|0|0|0|0|0|0|0|0|0|0|0|0|0|0|1|0|0|0|0|0|0|0|0|0|0|1|0|0|1|1|0
Osaleb aktiivselt parendusettepanekute tegemisel.|0|0|0|0|0|0|0|0|0|0|0|0|0|0|1|0|0|0|0|0|0|0|0|0|0|0|0|0|0|0|0|0|0|0|0|0|0|0|0|0|0|0|0|0|0|0|0|0|0|0
Kui varem sooviti kedagi, kes ütleb, kuidas tuleb teha ja kui mitu korda, siis nüüd eelistatakse neid juhte, kes lasevad endal mõelda ja samas toetavad töötajaid (põhimõte coach vs. Boss). |0|0|0|0|0|0|0|0|0|0|0|0|0|0|0|0|0|0|0|0|0|0|0|0|0|0|0|0|0|0|0|0|0|0|1|0|0|0|0|0|0|0|0|0|1|0|0|0|0|0
PIAAC-i uuring „Täiskasvanute oskused Eestis ja maailmas“, mis avaldati 8. oktoobril, toob selgelt esile vajaduse suurendada Eestis infotöötluse mahukate töökohtade arvu ja tõsta meie elanikkonna professionaalseid IKT oskusi.|1|0|0|0|0|0|0|0|0|0|0|0|0|0|0|0|0|0|0|0|0|0|0|0|0|0|0|0|0|0|0|0|0|0|0|0|0|0|0|0|0|0|0|0|0|0|0|0|0|0
eneseväljendusoskus|0|0|0|0|0|0|0|0|0|0|0|0|0|0|0|0|0|0|0|0|0|0|0|0|0|0|0|0|0|0|0|0|0|0|0|0|0|0|0|0|0|0|0|0|0|0|0|0|1|0
Tootmisseadmete tehnikutel jääb puudu tootmismasinate ja -liinide seadistamise, töös hoidmise, hoolduse ja programmeerimise oskusest ning tööohutuse ja töötervishoiu ning isikukaitsevahendite kasutamise reeglite järgimisest.|0|0|0|0|0|0|0|0|0|0|0|0|0|0|0|0|0|0|0|0|0|0|1|0|0|0|0|0|0|0|0|0|0|0|0|0|0|0|0|0|0|0|0|0|0|0|1|0|0|0
Kui me teame, et valdav osa Eesti elanikkonnast kasutab pidevalt igapäevaseid e-teenuseid (Internetipank, tuludeklaratsiooni esitamine, jne) vaatamata sellele, et suurel osal inimestest puuduvad kõrgemad IKT-ga seonduvad probleemilahendusoskused, siis on see kinnituseks: meie e-teenused on mugavad ja kasutajasõbalikud. |1|0|0|0|0|0|0|0|0|0|0|0|0|0|0|0|0|0|0|0|0|0|0|0|0|0|0|0|0|0|0|0|0|0|0|0|0|0|0|0|0|0|0|0|0|0|0|0|0|0
MMT juhtidel jääb ekspertide hinnangul enim puudu oskusest protsesse, ressursse  ja inimesi juhtida.|0|0|0|0|0|0|1|0|0|0|0|0|0|0|0|0|0|1|0|0|0|0|0|1|0|0|0|0|0|0|0|0|0|0|0|0|0|0|0|0|0|0|0|0|1|0|0|0|0|0
Annab konstruktiivset tagasisidet protsessi suutlikkuse kohta.|0|0|0|0|0|0|0|0|0|0|0|0|0|0|0|0|0|0|0|0|0|0|0|0|0|0|0|0|0|0|0|0|0|0|0|0|0|0|0|0|0|0|0|0|0|0|0|0|1|0
Ka siin leidsid eksperdid, et seoses tehnoloogia arenguga on valdkonnas kasvav nõudlus uuemaid keevitusmeetodeid valdavate töötajate järele ja lähitulevikus kasvab keevitusroboti operaatorite  vajadus.|0|0|0|0|1|0|0|0|0|0|0|1|0|0|0|0|0|0|0|0|0|0|0|0|0|0|0|0|0|0|0|0|0|0|0|0|0|0|0|0|0|0|0|0|0|0|0|0|0|0
Tehnik-joonestajate kasvava tähtsusega erialasteks oskusteks ja teadmisteks on toodete, sh puitmajade projekteerimise eripärade tundmine, puitmaterjali eripärade ja materjalitehnoloogia tundmine, tööprotsesside tundmine, jooniste koostamine ja konstrueerimine, jooniste lugemise oskus (nii käsitsi kui arvutil joonistatud ) ning joonestamise ja projekteerimistarkvaraga töötamine.|1|1|0|0|0|0|0|0|0|0|0|0|0|0|0|0|0|0|0|0|0|0|0|0|0|0|0|0|0|0|0|0|0|0|0|0|0|0|0|0|0|0|0|0|0|0|0|0|0|1
Forvarderioperaatori kasvava tähtsusega erialasteks oskusteks on oskus forvarderiga ergonoomiliselt sõita ja töötada hüdrotõstukiga, hinnata laaditud ja ladustatud puidu kogust ning tunda puidurikkeid, vedada bioenergeetika toorainet, mis on veidi erinev tavapärasest ümarpuidu kokkuveost, hooldada masinat igapäevaselt ning sooritada töövõtteid ohutult ja turvaliselt.|0|0|0|0|0|0|0|0|0|0|1|1|0|0|0|0|0|0|0|0|0|0|1|0|0|0|0|0|0|0|0|0|0|0|0|0|0|0|0|0|0|0|0|0|0|0|1|0|0|0
Varasemast enam pannakse rõhku tööohutuse alaste nõuete tundmisele ja järgimisele, töö efektiivsusele ning tootmisprotsessi laiemale mõistmisele.|0|1|1|1|0|0|0|0|0|0|0|0|0|0|0|0|0|0|0|0|0|0|1|0|1|0|0|0|0|0|0|0|0|0|0|0|0|0|0|0|0|0|0|0|0|0|0|0|0|0
Töötaja võib näiteks ise märku anda, et praeguses rollis on lagi käes ja vaja oleks karjäärisihid üle vaadata. Või on tunda süvenevat rahulolematust, kuid puudub selgus, mida saaks teisiti teha. Siin saavad abiks olla ka väljastpoolt organisatsiooni kaasatud karjäärinõustajad ja coach’id.|0|0|0|0|0|0|0|0|0|0|0|0|0|0|0|0|0|0|0|0|0|0|0|0|0|0|0|0|0|0|0|0|0|0|1|0|0|0|0|0|0|0|0|0|0|0|0|0|0|0
Seoses vajadusega kasutada töös võõrkeelseid dokumente ja osaleda välisfirmade poolt korraldatud koolitustel, on järjest suurema tähtsusega ka vähemalt ühe võõrkeele (inglise või saksa) oskus oma eriala piires.|0|0|0|0|0|0|0|0|1|0|0|0|0|0|0|0|0|0|0|0|0|0|0|0|0|0|0|0|0|0|0|0|0|0|0|0|0|0|0|0|0|0|0|0|0|0|0|0|0|0
Liinioperaatorite kasvava tähtsusega erialasteks oskusteks ja teadmisteks on masinate ja liinide tööpõhimõtete ning tehnoloogiate tundmine, programmide kasutamine, tootmisliinide tootlikkuse tõhustamine, puitmaterjali tundmine.|0|0|0|0|0|0|0|0|0|0|0|1|0|0|0|0|0|0|0|0|1|0|0|0|0|0|0|0|0|0|0|0|0|0|0|0|0|0|0|0|0|0|0|0|0|0|1|0|0|0
Me anname neile planeerimisoskuse, grupidünaamikast arusaamise ja veel väga palju teoreetilisi teadmisi.|0|0|0|0|0|0|0|0|0|0|0|0|0|0|0|0|0|0|0|0|0|0|0|0|0|0|0|0|0|0|0|0|0|1|0|0|0|0|0|0|0|0|0|0|0|0|0|1|0|0
